table,id,name,current_image_url,fetched_image_url,source_url
cases,f50dadf9-fdee-47fa-850f-c2efdb92a8a8,iFace mall iPhone17用ケース,,,https://search.kakaku.com/%E6%90%BA%E5%B8%AF%E9%9B%BB%E8%A9%B1%E3%82%A2%E3%82%AF%E3%82%BB%E3%82%B5%E3%83%AA%20%E3%82%A2%E3%82%A4%E3%83%95%E3%82%A7%E3%82%A4%E3%82%B9%20iphone17/
cases,c2f92a99-bda0-4e18-afa7-ab1f429c2cb4,Spigen ウルトラ・ハイブリッド・マグフィット iPhone17ケース(クリア),,,https://search.kakaku.com/spigen%20iphone17/
cases,4863e679-4a05-4328-bf4e-351a837df129,ESR iPhone Air ケース 3倍米軍MIL規格,,,https://search.kakaku.com/iphone17air%20%E3%82%B1%E3%83%BC%E3%82%B9/
cases,43c9eba8-b02a-46fc-8462-8956c8a14f52,AQUOS sense10ケース 耐衝撃 手帳型 PUレザー調,,,https://store.shopping.yahoo.co.jp/visos-store/aquossense17.html
cases,609f1dac-11e2-4238-9f86-73cf8be836ca,AQUOS sense10ケース 耐衝撃 手帳型財布型 TPU+PUレザー,,,https://store.shopping.yahoo.co.jp/visos-store/aquossense17.html
cases,38945377-5200-4ca0-8bf7-b3e5143967df,エレコム ハイブリッドケース(クリア) PM-X252HVCKCR,,,https://www.ksdenki.com/shop/g/g4549550407212/
cases,bac2c5c0-d833-41dc-beb2-aba8b3518d0b,ラスタバナナ ハイブリッド RHINOX 衝撃吸収ケース,,,https://store.shopping.yahoo.co.jp/keitai-kazariya/xperia10vi4.html
cases,42c05b0e-3d34-4091-a96c-0c41d393326b,ラスタバナナ 手帳型ケース カード入れ・スタンド機能・ハンドストラップ付き,,,https://store.shopping.yahoo.co.jp/keitai-kazariya/xperia10vi4.html
cases,39bee587-74cb-4d29-8f9d-05c4dcf0083f,エレコム ハイブリッドケース(クリア) PM-A23AHVCKCR,,,https://www.ksdenki.com/shop/r/r09021176_osp/
cases,0466ab78-5f0e-45f1-a868-6d280c249911,エレコム ハイブリッドケース ショルダーストラップホール付(クリア) PM-A23AHVCKSHCR,,,https://www.ksdenki.com/shop/g/g4549550290180/
cases,2ac6cfb7-e0a0-46bb-9ee6-9e2c9e62c328,Hamee iPhone 15用ケース(ブラック),,,https://www.ksdenki.com/shop/r/r09021176_osp/
cases,79d2b41f-9206-4ab4-aea1-7ef7bc08ff4b,Galaxy S26 手帳型ケース 磁石付 耐衝撃 ハンドストラップ付,https://shop.elecom.co.jp/client_info/ELECOM/itemimage/4549550413152/PM-G261PLFY4BK_03.jpg,https://shop.elecom.co.jp/client_info/ELECOM/itemimage/4549550413152/PM-G261PLFY4BK_03.jpg,https://shop.elecom.co.jp/category/GALAXYS26/4549550413152.html
cases,608222ac-24be-49fa-8167-eaf41e59e790,Galaxy S26 TOUGH SLIM LITE ケース オールクリア,https://shop.elecom.co.jp/client_info/ELECOM/itemimage/4549550413145/PM-G261PLFUBK_03.jpg,https://shop.elecom.co.jp/client_info/ELECOM/itemimage/4549550413145/PM-G261PLFUBK_03.jpg,https://shop.elecom.co.jp/category/GALAXYS26/4549550413145.html
cases,b37f55af-8cba-4dba-98c4-7dca092c655d,iFace BeBling 2 MagSynqケース(クリア),https://jp.iface.com/cdn/shop/articles/blogs-news-column-10035-column-iphone17pro-ranking_2a51f37f-42a1-4bbf-a84c-2342f2e99b2f.jpg?v=1785907629&width=1024,https://jp.iface.com/cdn/shop/articles/blogs-news-column-10035-column-iphone17pro-ranking_2a51f37f-42a1-4bbf-a84c-2342f2e99b2f.jpg?v=1785907629&width=1024,https://jp.iface.com/blogs/news/column-10035
cases,48f8889c-2de6-4087-905d-75e836e7b582,Apple純正 iPhone Air用クリアケース,https://k-tai.watch.impress.co.jp/img/ktw/list/2128/869/cont1.jpg,https://k-tai.watch.impress.co.jp/img/ktw/list/2128/869/cont1.jpg,https://k-tai.watch.impress.co.jp/docs/news/sale/2128869.html
cases,39371406-829c-429a-ace5-c7ece0801760,PITAKA iPhone17用ケース 極薄 MagSafe対応(Moonrise柄),https://assets.st-note.com/production/uploads/images/215522863/rectangle_large_type_2_0ac3aaaa5ffd0cd50620640b038bc2d4.jpg?fit=bounds&quality=85&width=1280,https://assets.st-note.com/production/uploads/images/215522863/rectangle_large_type_2_0ac3aaaa5ffd0cd50620640b038bc2d4.jpg?fit=bounds&quality=85&width=1280,https://note.com/ocuribunt/n/n8df5f473028c
cases,4c74142f-8917-4e54-8e40-a5da28bbefb3,エレコム ハイブリッドケース Pixel10/10Pro 衝撃吸収(クリア),https://shop.softbankselection.jp/client_info/SBCS/itemimage/4549550387767.jpg,https://shop.softbankselection.jp/client_info/SBCS/itemimage/4549550387767.jpg,https://shop.softbankselection.jp/item/4549550387767.html
cases,7bec851f-69b0-411b-b3a4-f9ef29b12af9,Ringke ONYX MagSafe/PixelSnap対応ケース,https://assets.st-note.com/production/uploads/images/211313155/rectangle_large_type_2_945e84083e4014e1801d289ebeb371de.jpeg?fit=bounds&quality=85&width=1280,https://assets.st-note.com/production/uploads/images/211313155/rectangle_large_type_2_945e84083e4014e1801d289ebeb371de.jpeg?fit=bounds&quality=85&width=1280,https://note.com/gadget_news/n/n8bae8a3c846f
cases,42026235-171e-4577-ab02-9236619aa9a8,Spigen ウルトラ・ハイブリッド ケース(クリア),https://engrave.blog/wp-content/uploads/2024/09/Spigen-iPhone-16ケース.webp,https://engrave.blog/wp-content/uploads/2024/09/Spigen-iPhone-16ケース.webp,https://engrave.blog/spigen-iphone16
cases,631d8180-5685-4763-b435-c528c5c4bb61,Spigen ウルトラ・ハイブリッド・マグフィット,https://engrave.blog/wp-content/uploads/2024/09/Spigen-iPhone-16ケース.webp,https://engrave.blog/wp-content/uploads/2024/09/Spigen-iPhone-16ケース.webp,https://engrave.blog/spigen-iphone16
cases,8aec9e40-1576-4182-8883-e09ec1958fad,Spigen ラギッド・アーマー・マグフィット,https://engrave.blog/wp-content/uploads/2024/09/Spigen-iPhone-16ケース.webp,https://engrave.blog/wp-content/uploads/2024/09/Spigen-iPhone-16ケース.webp,https://engrave.blog/spigen-iphone16
cases,994c07e6-faee-4c59-b8a4-aae9d5910b16,Spigen オプティック・アーマー・マグフィット(カメラ保護),https://engrave.blog/wp-content/uploads/2024/09/Spigen-iPhone-16ケース.webp,https://engrave.blog/wp-content/uploads/2024/09/Spigen-iPhone-16ケース.webp,https://engrave.blog/spigen-iphone16
cases,97f048c9-3fc5-4f56-94c8-c8f54ad29a19,Spigen エンツォ・アラミド・マグフィット,https://engrave.blog/wp-content/uploads/2024/09/Spigen-iPhone-16ケース.webp,https://engrave.blog/wp-content/uploads/2024/09/Spigen-iPhone-16ケース.webp,https://engrave.blog/spigen-iphone16
cases,463ac483-250b-4018-bc55-3810b35de700,iFace iPhone15Proケース(ブラック),https://jp.iface.com/cdn/shop/collections/products-main-41-959121_29a22eaa-ff30-46d3-a806-557979169ca3.png?v=1785307622&width=1024,https://jp.iface.com/cdn/shop/collections/products-main-41-959121_29a22eaa-ff30-46d3-a806-557979169ca3.png?v=1785307622&width=1024,https://jp.iface.com/collections/iphone-15-pro
cases,8fe93f5e-8c78-4850-842e-1952975b6b7f,CASETiFY インパクトケース,https://cdn-stamplib.casetify.com/cms/image/6fa327bd55bdbbba4d13e3339edadbdd.png,https://cdn-stamplib.casetify.com/cms/image/6fa327bd55bdbbba4d13e3339edadbdd.png,https://www.casetify.com/ja_JP/iphone-cases
cases,e289811e-7fe2-436d-8a7d-56f2b7c06857,CASETiFY インパクトケース,https://cdn-stamplib.casetify.com/cms/image/6fa327bd55bdbbba4d13e3339edadbdd.png,https://cdn-stamplib.casetify.com/cms/image/6fa327bd55bdbbba4d13e3339edadbdd.png,https://www.casetify.com/ja_JP/iphone-cases
cases,b20f90ea-2184-4eda-a90b-9daa457b0543,CASETiFY インパクトケース,https://cdn-stamplib.casetify.com/cms/image/6fa327bd55bdbbba4d13e3339edadbdd.png,https://cdn-stamplib.casetify.com/cms/image/6fa327bd55bdbbba4d13e3339edadbdd.png,https://www.casetify.com/ja_JP/iphone-cases
cases,94fa5c3c-8deb-43f2-8f62-396c7568774d,CASETiFY インパクトケース,https://cdn-stamplib.casetify.com/cms/image/6fa327bd55bdbbba4d13e3339edadbdd.png,https://cdn-stamplib.casetify.com/cms/image/6fa327bd55bdbbba4d13e3339edadbdd.png,https://www.casetify.com/ja_JP/iphone-cases
cases,1ae5df4c-67fb-4d21-a3d6-12b229c034d3,CASETiFY コンパクトケース,https://cdn-stamplib.casetify.com/cms/image/6fa327bd55bdbbba4d13e3339edadbdd.png,https://cdn-stamplib.casetify.com/cms/image/6fa327bd55bdbbba4d13e3339edadbdd.png,https://www.casetify.com/ja_JP/iphone-cases
cases,7678c3cf-f75c-4705-8d1e-ee81efb439d1,CASETiFY コンパクトケース,https://cdn-stamplib.casetify.com/cms/image/6fa327bd55bdbbba4d13e3339edadbdd.png,https://cdn-stamplib.casetify.com/cms/image/6fa327bd55bdbbba4d13e3339edadbdd.png,https://www.casetify.com/ja_JP/iphone-cases
cases,ca6f41ae-d84c-49f0-97df-bfbd428863a4,エレコム 手帳型ケース 薄型 磁石付(ブラック),,,https://shop.softbankselection.jp/item/4549550393324.html
cases,016bd4f2-4074-44c6-9eeb-eae9dd47648b,エレコム TOUGH SLIM LITE ケース フレームカラー 背面ガラス,,,https://shop.elecom.co.jp/category/IPHONE17PR/
cases,a539f254-a48c-4c91-951f-d797937cadc6,エレコム ZEROSHOCK(D3O) 耐衝撃ケース,,,https://www.elecom.co.jp/news/release/20250910-01/
cases,64dc9d5c-0cf1-480a-85d2-f0d68d0baa9c,エレコム ソフトレザーケース 手帳型,,,https://shop.elecom.co.jp/category/IPHONE17/
cases,78afffd3-8047-4778-b5e0-748c2939133b,エレコム 手帳型ケース 衝撃吸収(ブラック),,,https://shop.softbankselection.jp/category/ELECOM_PX10/
cases,b6db7ded-3cf0-46e7-996b-8f16722cb6ae,エレコム ソフトケース 薄型 極み設計(クリア),,,https://shop.softbankselection.jp/category/ELECOM_PX10/
cases,3feb5354-5e93-4001-a818-1f30519120cd,エレコム 手帳型ケース 磁石付 耐衝撃 ハンドストラップ付き,,,https://www.elecom.co.jp/products/PM-S253PLFY4BK.html
cases,0f99e9c9-36e6-464e-8e85-a131e2427934,グラデーションTPUケース(クリア系),,,https://shopping.yahoo.co.jp/search/xperia+10+vii/49334/
cases,7292225f-b8e5-4520-808f-212f04727124,エレコム Grippy ハイブリッドケース フレームカラー,,,https://shop.elecom.co.jp/category/XPERIA10VII/
cases,34ccef53-95d8-4b6b-8825-b8adb17093c6,サムライワークス LEATHER POCKET CASE(クリアベージュ),,,https://www.ksdenki.com/shop/r/r09021176_osp/
cases,f7318985-5466-472f-859f-4ad1e062010f,Hamee iPhone15用ケース(ベージュ),,,https://www.ksdenki.com/shop/r/r09021176_osp/
cases,aaa212ac-3258-4e5f-973b-629f71bfb8a5,エレコム ソフトケース 薄型 ストラップホール付(クリア),,,https://shopping.yahoo.co.jp/search/iphone15+%E3%82%B1%E3%83%BC%E3%82%B9/38418/?brandid=465
cases,609180ef-9c1a-4c63-af11-05763d02c08b,エレコム ハイブリッドケース オーロラ &me,,,https://www.ksdenki.com/shop/r/r09021178_ord_v24/
cases,a2e0ae07-a2c9-4969-8536-d95be5f6edae,エレコム TOUGH SLIM LITE ケース ハイブリッド(クリア) PM-P262TSLACR,,,https://www.yodobashi.com/product/100000001010060557/
cases,4581f8f2-302b-4f5e-b180-f2b76adc8b23,Sony公式ストア取り扱いケース,,,https://www.sony.jp/xperia/accessory/
cases,07297b5f-de8f-4bbe-95b9-d31d4816c98b,CASETiFY インパクトケース,https://cdn-stamplib.casetify.com/cms/image/6fa327bd55bdbbba4d13e3339edadbdd.png,https://cdn-stamplib.casetify.com/cms/image/6fa327bd55bdbbba4d13e3339edadbdd.png,https://www.casetify.com/ja_JP/iphone-cases
cases,e427da80-fe2d-4ae0-875a-79e521f9e415,エレコム 手帳型ケース 薄型 磁石付(ネイビー),https://shop.elecom.co.jp/client_info/ELECOM/itemimage/4549550391696/PM-A25APLFUNV_03.jpg,https://shop.elecom.co.jp/client_info/ELECOM/itemimage/4549550391696/PM-A25APLFUNV_03.jpg,https://shop.elecom.co.jp/category/IPHONE17/4549550391696.html
cases,597ba7ee-0625-4613-a207-e44ce1dea8c2,ラスタバナナ 手帳型ケース ハンドストラップ付き(ブラック),https://shop.r10s.jp/keitai-kazariya/cabinet/sumaho/galaxy/s26/4988075748415_ry.jpg,https://shop.r10s.jp/keitai-kazariya/cabinet/sumaho/galaxy/s26/4988075748415_ry.jpg,https://item.rakuten.co.jp/keitai-kazariya/9299gs26bhsbk/
cases,56dd9c52-9576-40a7-8ee7-41b7ef0bb774,エレコム ZEROSHOCK 耐衝撃ケース,https://shop.elecom.co.jp/client_info/ELECOM/itemimage/4549550407021/PM-S253ZEROBK_03.jpg,https://shop.elecom.co.jp/client_info/ELECOM/itemimage/4549550407021/PM-S253ZEROBK_03.jpg,https://shop.elecom.co.jp/category/AQUOSSENSE10/4549550407021.html
cases,f544c09d-d352-4185-86f0-bc0eddfb5f08,Spigen ラギッド・アーマー・マグフィット,https://engrave.blog/wp-content/uploads/2024/09/Spigen-iPhone-16ケース.webp,https://engrave.blog/wp-content/uploads/2024/09/Spigen-iPhone-16ケース.webp,https://engrave.blog/spigen-iphone16
cases,26b596d2-7b6c-4561-a02b-309ee1881090,Spigen タフ・アーマー・マグフィット,https://engrave.blog/wp-content/uploads/2024/09/Spigen-iPhone-16ケース.webp,https://engrave.blog/wp-content/uploads/2024/09/Spigen-iPhone-16ケース.webp,https://engrave.blog/spigen-iphone16
cases,45941518-9c68-4e10-9567-a5d68584c452,Spigen クラシック・C1・マグフィット,https://engrave.blog/wp-content/uploads/2024/09/Spigen-iPhone-16ケース.webp,https://engrave.blog/wp-content/uploads/2024/09/Spigen-iPhone-16ケース.webp,https://engrave.blog/spigen-iphone16
cases,25d34892-a7de-49f1-a254-2798d2744643,TRINITY Silky Armor マグネット吸着式アクセサリー対応ケース,http://trinitystore.jp/cdn/shop/collections/Pixel11.jpg?v=1786078838&width=1024,http://trinitystore.jp/cdn/shop/collections/Pixel11.jpg?v=1786078838&width=1024,https://trinitystore.jp/collections/android-google-pixel-11
cases,18c18030-411d-45f1-bb37-b6365a7a74a7,Apple純正 MagSafe対応クリアケース,https://store.storeimages.cdn-apple.com/1/as-images.apple.com/is/MGF24?wid=1200&amp;hei=630&amp;fmt=jpeg&amp;qlt=95&amp;.v=1757503067176,https://store.storeimages.cdn-apple.com/1/as-images.apple.com/is/MGF24?wid=1200&amp;hei=630&amp;fmt=jpeg&amp;qlt=95&amp;.v=1757503067176,https://www.apple.com/jp/shop/product/mgf24fe/a/magsafe%E5%AF%BE%E5%BF%9Ciphone-17%E3%82%AF%E3%83%AA%E3%82%A2%E3%82%B1%E3%83%BC%E3%82%B9
cases,76a355c5-1b2a-4ab1-ba2a-9e11d55a2138,Apple純正 MagSafe対応クリアケース,https://store.storeimages.cdn-apple.com/1/as-images.apple.com/is/og-default?wid=1200&amp;hei=630&amp;fmt=jpeg&amp;qlt=95&amp;.v=1525370171638,https://store.storeimages.cdn-apple.com/1/as-images.apple.com/is/og-default?wid=1200&amp;hei=630&amp;fmt=jpeg&amp;qlt=95&amp;.v=1525370171638,https://www.apple.com/jp/shop/iphone/accessories
cases,3f23c243-f753-4ed7-88af-8ef68ef0e6ff,Apple純正 MagSafe対応クリアケース,https://store.storeimages.cdn-apple.com/1/as-images.apple.com/is/og-default?wid=1200&amp;hei=630&amp;fmt=jpeg&amp;qlt=95&amp;.v=1525370171638,https://store.storeimages.cdn-apple.com/1/as-images.apple.com/is/og-default?wid=1200&amp;hei=630&amp;fmt=jpeg&amp;qlt=95&amp;.v=1525370171638,https://www.apple.com/jp/shop/iphone/accessories
cases,9cd38c4e-235e-438c-a4ef-2205888222b2,Google純正 Pixelsnap対応ケース,https://lh3.googleusercontent.com/-vqeQnFFhTQAg_AFJP1TfBhhGd5BX42t7UA4LlDQg23_9OgTKgVa6MVyjwLAVSztTT5h4FV7VCH1qIda1qnHYtqq1mewiRgN7RHG=rj-sc0xffffffff,https://lh3.googleusercontent.com/-vqeQnFFhTQAg_AFJP1TfBhhGd5BX42t7UA4LlDQg23_9OgTKgVa6MVyjwLAVSztTT5h4FV7VCH1qIda1qnHYtqq1mewiRgN7RHG=rj-sc0xffffffff,https://store.google.com/jp/product/pixel_11_pro_phone_case?hl=ja
cases,ad2130a8-1f20-49d5-86ce-ad1df71bd68d,SHARP純正シリコンケース(フルブラック),https://cocorostore.jp.sharp/media/catalog/product/cache/3538744d7928c0d8b9a71e1c8afaf8c0/x/n/xn-z07sg-b.jpg,https://cocorostore.jp.sharp/media/catalog/product/cache/3538744d7928c0d8b9a71e1c8afaf8c0/x/n/xn-z07sg-b.jpg,https://cocorostore.jp.sharp/smartdevice/sh-m33/xn-z07sg-b.html
cases,3ec6480e-25c2-43c9-9148-1f122e86309b,iFace Reflection MagSafe対応 iPhone17ケース(ベージュ),https://m.media-amazon.com/images/I/51oh7Wch29L._AC_SY606_.jpg,https://m.media-amazon.com/images/G/01/share-icons/previewdoh/amazon.png,https://www.amazon.co.jp/6-3inch-2Lens専用-Reflection-MagSynq-強化ガラスクリアケース/dp/B0FPCHNKF6?__mk_ja_JP=カタカナ&crid=1A60N4DV7SPQ0&sprefix=iphone%2B17%2Bifaca%2Caps%2C188&sr=8-5&th=1&linkCode=sl1&tag=prankish26-22&linkId=ec365bfac2de311d524d70789a7ec575&language=ja_JP&ref_=as_li_ss_tl
cases,f339252c-7755-49d6-a30c-abf4929b9c44,Spigen ウルトラ・ハイブリッド Galaxy S26ケース(クリスタル・クリア),https://assets.st-note.com/production/uploads/images/260025446/rectangle_large_type_2_73677c7c4d909659c8f65c8a48750c1e.png?fit=bounds&quality=85&width=1280,,https://note.com/webcommu_sub/n/n75d901d9205b
cases,4459c851-dad2-4c7f-bfb4-5b61066fbe71,ESR iPhone17Proケース Classicシリーズ(クリア),https://assets.st-note.com/production/uploads/images/247358567/rectangle_large_type_2_b19e57d40e9778d9d6b4f1307e504dc0.jpeg?fit=bounds&quality=85&width=1280,https://assets.st-note.com/production/uploads/images/247358567/rectangle_large_type_2_b19e57d40e9778d9d6b4f1307e504dc0.jpeg?fit=bounds&quality=85&width=1280,https://note.com/gadget_news/n/ncd2596133a27
cases,a3643004-53ae-4c54-b467-a05277421ed0,TORRAS iPhone17Pro用ケース Ostand Q3 Spin,https://assets.st-note.com/production/uploads/images/215421789/rectangle_large_type_2_6da0d4edae18681ccd6a1920c68f0eb0.png?fit=bounds&quality=85&width=1280,https://assets.st-note.com/production/uploads/images/215421789/rectangle_large_type_2_6da0d4edae18681ccd6a1920c68f0eb0.png?fit=bounds&quality=85&width=1280,https://note.com/hachiojiiphone/n/n99403c1874c7
cases,63ee3951-9bde-4cdf-8d16-5e7ee1d99ded,Spigen ウルトラ・ハイブリッド・マグフィット Pixel10/10Proケース(クリア),https://assets.st-note.com/production/uploads/images/211313155/rectangle_large_type_2_945e84083e4014e1801d289ebeb371de.jpeg?fit=bounds&quality=85&width=1280,https://assets.st-note.com/production/uploads/images/211313155/rectangle_large_type_2_945e84083e4014e1801d289ebeb371de.jpeg?fit=bounds&quality=85&width=1280,https://note.com/gadget_news/n/n8bae8a3c846f
cases,e2dc3c4d-a6cc-480d-a29b-6ae4d8b5086b,Blxnyt AQUOS sense10ケース クリア 薄型 耐衝撃,https://assets.st-note.com/production/uploads/images/228688920/rectangle_large_type_2_83de94d74fcff92e6b3add47dc40860a.png?fit=bounds&quality=85&width=1280,https://assets.st-note.com/production/uploads/images/228688920/rectangle_large_type_2_83de94d74fcff92e6b3add47dc40860a.png?fit=bounds&quality=85&width=1280,https://note.com/nakanaka_2025/n/n49ea7e83d855
cases,680f6020-f99f-4c8f-8880-30beec46e45e,iFace BeBling Wave クリアケース(シルバー),https://jp.iface.com/cdn/shop/articles/blogs-news-column-10036-column-iphone16-ranking_fa27d090-da73-464c-b321-df18f523c7f9.jpg?v=1785903834&width=1024,https://jp.iface.com/cdn/shop/articles/blogs-news-column-10036-column-iphone16-ranking_fa27d090-da73-464c-b321-df18f523c7f9.jpg?v=1785903834&width=1024,https://jp.iface.com/blogs/news/column-10036
cases,625c4084-2c48-42e3-935d-5054bb95bc69,Spigen iPhone15Proケース ACS06703,https://media.loom-app.com/gizmodo/dist/images/2023/10/05/231005iphonespigencase_01.jpg?w=1200&amp;h=630,https://media.loom-app.com/gizmodo/dist/images/2023/10/05/231005iphonespigencase_01.jpg?w=1200&amp;h=630,https://www.gizmodo.jp/article/spigen-iphone-15-pro-case/
cases,87efb99c-48e8-4c17-8cb3-10815460c931,エレコム ハイブリッドケース(クリア) PM-A23CHVCKCR,https://m.media-amazon.com/images/G/01/share-icons/previewdoh/amazon.png,https://m.media-amazon.com/images/G/01/share-icons/previewdoh/amazon.png,https://www.amazon.co.jp/%E3%82%A8%E3%83%AC%E3%82%B3%E3%83%A0-iPhone15-%E5%9B%9B%E3%81%A4%E8%A7%92%E3%82%A8%E3%82%A2%E3%83%BC%E3%82%AF%E3%83%83%E3%82%B7%E3%83%A7%E3%83%B3-%E3%82%B9%E3%83%88%E3%83%A9%E3%83%83%E3%83%97%E3%83%9B%E3%83%BC%E3%83%AB%E4%BB%98%E3%81%8D-PM-A23CHVCKCR/dp/B0CH7RL1SP
cases,0b598392-771d-4a91-9756-e4b4f375c25a,CASETiFY インパクトケース,https://cdn-stamplib.casetify.com/cms/image/6fa327bd55bdbbba4d13e3339edadbdd.png,https://cdn-stamplib.casetify.com/cms/image/6fa327bd55bdbbba4d13e3339edadbdd.png,https://www.casetify.com/ja_JP/iphone-cases
cases,d1ae2617-f9b6-4dec-af9a-83d4499fa1ff,CASETiFY インパクトケース,https://ctgimage1.s3.amazonaws.com/cms/image/6fa828e322419cb8777f112cb26e7764.jpg,https://ctgimage1.s3.amazonaws.com/cms/image/6fa828e322419cb8777f112cb26e7764.jpg,https://www.casetify.com/ja_JP/google-cases
cases,045ced99-edaa-4964-889b-d6ef4273b0fe,iFace Reflection ダイアリー 手帳型クリアケース,http://www.strapya.com/cdn/shop/collections/iphone17-diary_85c57cd6-0fda-4b1f-853a-732246445d84.jpg?v=1758152034,http://www.strapya.com/cdn/shop/collections/iphone17-diary_85c57cd6-0fda-4b1f-853a-732246445d84.jpg?v=1758152034,https://www.strapya.com/collections/iphone-17-case-diary
cases,cbbb4b05-103c-48f8-a07b-0c6674a74039,エレコム 手帳型ケース 薄型 磁石付,https://shop.elecom.co.jp/client_info/ELECOM/itemimage/4549550413145/PM-G261PLFUBK_03.jpg,https://shop.elecom.co.jp/client_info/ELECOM/itemimage/4549550413145/PM-G261PLFUBK_03.jpg,https://shop.elecom.co.jp/category/GALAXYS26/4549550413145.html
cases,834cc3a5-2891-4f2f-9402-4c65df116744,iFace BeBling Wave MagSynq クリアケース(ブラック),https://jp.iface.com/cdn/shop/articles/blogs-news-column-10036-column-iphone16-ranking_fa27d090-da73-464c-b321-df18f523c7f9.jpg?v=1785903834&width=1024,https://jp.iface.com/cdn/shop/articles/blogs-news-column-10036-column-iphone16-ranking_fa27d090-da73-464c-b321-df18f523c7f9.jpg?v=1785903834&width=1024,https://jp.iface.com/blogs/news/column-10036
cases,2ad91cf8-edbb-4eb1-8d31-57e8d74228c5,エレコム 手帳型ケース ULTRASLIM スタンド機能付き(カーボンブラック) PM-P262PLFUCB,https://shop.elecom.co.jp/client_info/ELECOM/itemimage/4549550450201/PM-P262UCTCR_03.jpg,https://shop.elecom.co.jp/client_info/ELECOM/itemimage/4549550450201/PM-P262UCTCR_03.jpg,https://shop.elecom.co.jp/category/GOOGLEPIXEL11/4549550450201.html
cases,799e072c-f5d3-44d0-b177-8c4985df609b,Apple純正 MagSafe対応クリアケース,https://store.storeimages.cdn-apple.com/1/as-images.apple.com/is/MGFT4?wid=1200&amp;hei=630&amp;fmt=jpeg&amp;qlt=95&amp;.v=1757507958301,https://store.storeimages.cdn-apple.com/1/as-images.apple.com/is/MGFT4?wid=1200&amp;hei=630&amp;fmt=jpeg&amp;qlt=95&amp;.v=1757507958301,https://www.apple.com/jp/shop/product/mgft4fe/a/magsafe%E5%AF%BE%E5%BF%9Ciphone-17-pro%E3%82%AF%E3%83%AA%E3%82%A2%E3%82%B1%E3%83%BC%E3%82%B9
cases,827d0755-6090-4cea-ac9f-8b2399ea42e7,Samsung純正 Silicone Magnet Case,https://www.samsung.com/etc.clientlibs/samsung/clientlibs/consumer/global/clientlib-common/resources/images/logo-square-letter.png,https://www.samsung.com/etc.clientlibs/samsung/clientlibs/consumer/global/clientlib-common/resources/images/logo-square-letter.png,https://www.samsung.com/jp/mobile-accessories/galaxy-s26-silicone-magnet-case-black-ef-es942cbegjp/
cases,d5c8711c-cd50-4363-b03e-a2fa11066add,Google純正 Pixelsnap対応ケース,https://lh3.googleusercontent.com/-vqeQnFFhTQAg_AFJP1TfBhhGd5BX42t7UA4LlDQg23_9OgTKgVa6MVyjwLAVSztTT5h4FV7VCH1qIda1qnHYtqq1mewiRgN7RHG=rj-sc0xffffffff,https://lh3.googleusercontent.com/-vqeQnFFhTQAg_AFJP1TfBhhGd5BX42t7UA4LlDQg23_9OgTKgVa6MVyjwLAVSztTT5h4FV7VCH1qIda1qnHYtqq1mewiRgN7RHG=rj-sc0xffffffff,https://store.google.com/jp/product/pixel_11_pro_phone_case?hl=ja
cases,4969d8d4-c3cd-4972-a076-86474d0624d6,Apple純正 MagSafe対応iPhone15クリアケース,https://store.storeimages.cdn-apple.com/1/as-images.apple.com/is/MT203?wid=1144&hei=1144&fmt=jpeg&qlt=90&.v=RmN3U1FXSEo2QklTRnEvVjNnK2tGQWtuVHYzMERCZURia3c5SzJFOTlPalpQUlZGaitSQjJVekdLRWQ5QlBiN3dwbDRpYXpVTUMvR0dqUk92ZysvWGc,https://store.storeimages.cdn-apple.com/1/as-images.apple.com/is/MT203?wid=1200&amp;hei=630&amp;fmt=jpeg&amp;qlt=95&amp;.v=1693247981397,https://www.apple.com/jp/shop/product/mxrk3fe/a/magsafe対応iphone-15クリアケース?fnode=36c2dece656b891aaed8f326a15a118fc6af731d23d8ae79610e10e6b635b55ac38dcc4e1b71f892c6c94945cf6e818572a53aaa797afa2475191d01bf1dbee180da53041657d5f3b291fa42a433ab8ecb8874eba9b07fd2d66b37a0e71ea8d1b6b8f16433da5da6a6fbc9daeec09f15&fs=fh%3Def684%252B81eaf8%252B22d6b6
cases,6eda39b3-1447-4099-8d48-135255fdd639,Apple純正 MagSafe対応クリアケース,https://store.storeimages.cdn-apple.com/1/as-images.apple.com/is/MA6A4?wid=1144&hei=1144&fmt=jpeg&qlt=90&.v=Q2JSbkJNNWJiRjhtL1FhVllrV3M0QWtuVHYzMERCZURia3c5SzJFOTlPaTVLSXNiT0ZNb0pFK0FUWXliMlZBQlVSa0JnSnh1SVRYa2JBRDEreGVySHc,https://store.storeimages.cdn-apple.com/1/as-images.apple.com/is/og-default?wid=1200&amp;hei=630&amp;fmt=jpeg&amp;qlt=95&amp;.v=1525370171638,https://www.apple.com/jp/shop/iphone/accessories